{
  "URL": "https://plagemis.citic.udc.es/product-4/demo/map-viewer/default",
  "headless": true,
  "actions": [
    {
      "name": "moveTo",
      "config": {
        "center": [43.36234, -8.41154]
      }
    },
    {
      "name": "zoomIn",
      "config": {
        "repetitions": 4
      }
    },
    {
      "name": "trackLineString",
      "config": {
        "filePath": "./routes/cor-sant.json"
      }
    },
    {
      "name": "zoomOut",
      "config": {
        "repetitions": 4
      }
    }
  ]
}
